Timestamp,What is your age? (example: 18),What is your gender?,Which state do you belong?,Your city is classified under which tier? To check it please open : https://neostencil.com/list-of-tier-1-and-tier-2-cities-in-india . If you can't find it here then mark tier 3.,What kind of products/services do you like most?,Which category of electronics products do you love most?,Which category of fashion products do you love most?,Which kind of paid subscriptions do you like the most?,Which category of books do you like the most?,Which category of fiction books do you like the most?,Which category of non-fiction books do you like the most?
7/25/2021 12:37:26,18,Male,Haryana,Tier 3,Fashion,Mobile Phones and accessories,Footwears,"OTT Platforms (Eg : Netflix, Amazon Prime vio)",Fiction,Science Fiction,
7/25/2021 12:46:45,18,Female,Delhi,Tier 1,Books,"Laptop, Desktop and Tablets",Clothing,"OTT Platforms (Eg : Netflix, Amazon Prime vio)",Fiction,Suspense and thriller,
7/25/2021 12:48:32,20,Male,Delhi,Tier 1,Fashion,Mobile Phones and accessories,Footwears,"OTT Platforms (Eg : Netflix, Amazon Prime vio)",Fiction,Suspense and thriller,
7/25/2021 12:48:42,19,Female,Haryana,Tier 3,Fashion,"Earphone, Headphone or Speakers",Footwears,"OTT Platforms (Eg : Netflix, Amazon Prime vio)",Fiction,Suspense and thriller,
7/25/2021 12:48:43,18,Female,Uttar Pradesh,Tier 1,Fashion,Mobile Phones and accessories,Jewellery,"E-commerce Platforms (Eg : Flipkart Plus, Amazon Prime)",Non-Fiction,,Autobiography & Biography
7/25/2021 12:48:58,18,Male,Uttar Pradesh,Tier 2,Fashion,Mobile Phones and accessories,Footwears,"OTT Platforms (Eg : Netflix, Amazon Prime vio)",Non-Fiction,,Self Help
7/25/2021 12:49:39,19,Male,Haryana,Tier 2,Fashion,Mobile Phones and accessories,Clothing,"OTT Platforms (Eg : Netflix, Amazon Prime vio)",Fiction,Suspense and thriller,
7/25/2021 12:49:43,18,Female,Uttar Pradesh,Tier 2,Fashion,Mobile Phones and accessories,Clothing,"OTT Platforms (Eg : Netflix, Amazon Prime vio)",Non-Fiction,,Business and economics
7/25/2021 12:50:02,19,Male,Haryana,Tier 3,Fashion,Mobile Phones and accessories,Footwears,"OTT Platforms (Eg : Netflix, Amazon Prime vio)",Non-Fiction,,Autobiography & Biography
7/25/2021 12:50:03,19,Male,Gujarat,Tier 1,Books,Mobile Phones and accessories,Clothing,"OTT Platforms (Eg : Netflix, Amazon Prime vio)",Non-Fiction,,Business and economics
7/25/2021 12:50:19,18,Female,Andhra Pradesh,Tier 2,Fashion,Mobile Phones and accessories,Clothing,"E-commerce Platforms (Eg : Flipkart Plus, Amazon Prime)",Fiction,Suspense and thriller,
7/25/2021 12:50:37,19,Male,Haryana,Tier 2,Electronics,Mobile Phones and accessories,Footwears,"Food Delivery Platforms (Eg : Zomato Pro, Swiggy Super)",Fiction,"Crime, horror and drama",
7/25/2021 12:51:00,20,Female,Haryana,Tier 2,"Subscriptions (Eg : OTT Platforms, Audio Streaming Platforms)",Mobile Phones and accessories,"Beauty and personal care (Perfumes, grooming products and makeup etc)","OTT Platforms (Eg : Netflix, Amazon Prime vio)",Fiction,Thriller and Romance,
7/25/2021 12:51:31,19,Male,Delhi,Tier 1,Electronics,"Laptop, Desktop and Tablets",Footwears,"OTT Platforms (Eg : Netflix, Amazon Prime vio)",Non-Fiction,,Business and economics
7/25/2021 12:51:46,18,Male,Bihar,Tier 3,Books,"Laptop, Desktop and Tablets",Clothing,"OTT Platforms (Eg : Netflix, Amazon Prime vio)",Non-Fiction,,Autobiography & Biography
7/25/2021 12:53:50,18,Female,Delhi,Tier 1,"Subscriptions (Eg : OTT Platforms, Audio Streaming Platforms)",Mobile Phones and accessories,Clothing,"OTT Platforms (Eg : Netflix, Amazon Prime vio)",Fiction,Suspense and thriller,
7/25/2021 12:53:58,19,Female,Delhi,Tier 1,Fashion,Mobile Phones and accessories,Clothing,"Food Delivery Platforms (Eg : Zomato Pro, Swiggy Super)",Fiction,Thriller and Romance,
7/25/2021 12:55:51,19,Female,Delhi,Tier 1,"Subscriptions (Eg : OTT Platforms, Audio Streaming Platforms)",Mobile Phones and accessories,Clothing,"OTT Platforms (Eg : Netflix, Amazon Prime vio)",Fiction,Suspense and thriller,
7/25/2021 12:55:55,19,Male,Delhi,Tier 1,Electronics,Mobile Phones and accessories,Clothing,"OTT Platforms (Eg : Netflix, Amazon Prime vio)",Non-Fiction,,Business and economics
7/25/2021 12:56:23,19,Male,Gujarat,Tier 2,Fashion,"Laptop, Desktop and Tablets",Clothing,"OTT Platforms (Eg : Netflix, Amazon Prime vio)",Fiction,"Crime, horror and drama",
7/25/2021 12:57:56,19,Female,Delhi,Tier 1,"Subscriptions (Eg : OTT Platforms, Audio Streaming Platforms)",Mobile Phones and accessories,Clothing,"OTT Platforms (Eg : Netflix, Amazon Prime vio)",Fiction,Thriller and Romance,
7/25/2021 12:57:57,19,Male,Delhi,Tier 1,Electronics,Mobile Phones and accessories,Footwears,"Food Delivery Platforms (Eg : Zomato Pro, Swiggy Super)",Non-Fiction,,Business and economics
7/25/2021 12:58:01,19,Male,Kerala,Tier 2,Electronics,Mobile Phones and accessories,Footwears,"OTT Platforms (Eg : Netflix, Amazon Prime vio)",Fiction,"Crime, horror and drama",
7/25/2021 12:58:06,18,Male,Punjab,Tier 3,Books,Mobile Phones and accessories,Clothing,"OTT Platforms (Eg : Netflix, Amazon Prime vio)",Non-Fiction,,Business and economics
7/25/2021 12:58:22,19,Male,Delhi,Tier 1,Electronics,"Earphone, Headphone or Speakers",Watches & Wallets,"Food Delivery Platforms (Eg : Zomato Pro, Swiggy Super)",Fiction,Suspense and thriller,
7/25/2021 12:58:43,20,Male,Delhi,Tier 1,Electronics,"Laptop, Desktop and Tablets",Footwears,"OTT Platforms (Eg : Netflix, Amazon Prime vio)",Non-Fiction,,Self Help
7/25/2021 12:59:43,18,Male,Bihar,Tier 3,Books,Mobile Phones and accessories,Clothing,"E-commerce Platforms (Eg : Flipkart Plus, Amazon Prime)",Non-Fiction,,Business and economics
7/25/2021 13:00:14,72,Male,Bihar,Tier 2,Books,SmartWatches,Watches & Wallets,"Food Delivery Platforms (Eg : Zomato Pro, Swiggy Super)",Non-Fiction,,Science
7/25/2021 13:00:33,20,Male,Delhi,Tier 1,"Subscriptions (Eg : OTT Platforms, Audio Streaming Platforms)","Laptop, Desktop and Tablets",Footwears,"OTT Platforms (Eg : Netflix, Amazon Prime vio)",Fiction,Suspense and thriller,
7/25/2021 13:00:39,18,Male,Punjab,Tier 1,Books,"Laptop, Desktop and Tablets",Footwears,"OTT Platforms (Eg : Netflix, Amazon Prime vio)",Non-Fiction,,Science
7/25/2021 13:04:04,19,Male,Delhi,Tier 1,"Subscriptions (Eg : OTT Platforms, Audio Streaming Platforms)",Mobile Phones and accessories,Footwears,"Audio Streaming Platforms (Eg : Spotify Premium, Gaana Plus)",Fiction,Action and adventure,
7/25/2021 13:04:08,18,Female,Delhi,Tier 1,Fashion,Mobile Phones and accessories,Clothing,"OTT Platforms (Eg : Netflix, Amazon Prime vio)",Fiction,Thriller and Romance,
7/25/2021 13:04:15,18,Female,Delhi,Tier 1,"Subscriptions (Eg : OTT Platforms, Audio Streaming Platforms)",Mobile Phones and accessories,Clothing,"OTT Platforms (Eg : Netflix, Amazon Prime vio)",Non-Fiction,,Self Help
7/25/2021 13:04:33,19,Female,Delhi,Tier 1,Books,"Earphone, Headphone or Speakers",Watches & Wallets,"OTT Platforms (Eg : Netflix, Amazon Prime vio)",Non-Fiction,,Self Help
7/25/2021 13:04:45,19,Male,Bihar,Tier 3,Books,"Laptop, Desktop and Tablets",Clothing,"OTT Platforms (Eg : Netflix, Amazon Prime vio)",Fiction,Thriller and Romance,
7/25/2021 13:06:17,18,Female,Delhi,Tier 1,"Subscriptions (Eg : OTT Platforms, Audio Streaming Platforms)",Mobile Phones and accessories,Footwears,"OTT Platforms (Eg : Netflix, Amazon Prime vio)",Non-Fiction,,Business and economics
7/25/2021 13:06:56,17,Male,Madhya Pradesh,Tier 2,Electronics,"Earphone, Headphone or Speakers",Clothing,"OTT Platforms (Eg : Netflix, Amazon Prime vio)",Fiction,"Crime, horror and drama",
7/25/2021 13:07:33,20,Female,Delhi,Tier 1,Books,"Laptop, Desktop and Tablets",Clothing,"OTT Platforms (Eg : Netflix, Amazon Prime vio)",Fiction,Thriller and Romance,
7/25/2021 13:07:42,17,Female,Kerala,Tier 3,Books,"Laptop, Desktop and Tablets",Clothing,"OTT Platforms (Eg : Netflix, Amazon Prime vio)",Non-Fiction,,Autobiography & Biography
7/25/2021 13:08:31,19,Male,Delhi,Tier 1,Books,"Laptop, Desktop and Tablets",Clothing,"OTT Platforms (Eg : Netflix, Amazon Prime vio)",Fiction,Action and adventure,
7/25/2021 13:08:51,19,Male,Delhi,Tier 1,Electronics,"Laptop, Desktop and Tablets",Watches & Wallets,"E-commerce Platforms (Eg : Flipkart Plus, Amazon Prime)",Fiction,Science Fiction,
7/25/2021 13:12:03,19,Female,Delhi,Tier 1,Fashion,"Laptop, Desktop and Tablets",Jewellery,"OTT Platforms (Eg : Netflix, Amazon Prime vio)",Fiction,Science Fiction,
7/25/2021 13:13:50,18,Male,Delhi,Tier 1,Electronics,"Laptop, Desktop and Tablets",Clothing,"OTT Platforms (Eg : Netflix, Amazon Prime vio)",Fiction,"Crime, horror and drama",
7/25/2021 13:14:40,19,Male,Uttarakhand,Tier 3,"Subscriptions (Eg : OTT Platforms, Audio Streaming Platforms)","Laptop, Desktop and Tablets",Clothing,"OTT Platforms (Eg : Netflix, Amazon Prime vio)",Non-Fiction,,Science
7/25/2021 13:21:36,18,Female,Uttar Pradesh,Tier 2,Fashion,Mobile Phones and accessories,Clothing,"OTT Platforms (Eg : Netflix, Amazon Prime vio)",Fiction,Thriller and Romance,
7/25/2021 13:22:23,19,Female,Delhi,Tier 1,"Subscriptions (Eg : OTT Platforms, Audio Streaming Platforms)","Laptop, Desktop and Tablets",Clothing,"OTT Platforms (Eg : Netflix, Amazon Prime vio)",Non-Fiction,,Business and economics
7/25/2021 13:30:46,18,Male,Uttar Pradesh,Tier 3,"Subscriptions (Eg : OTT Platforms, Audio Streaming Platforms)",Mobile Phones and accessories,Clothing,"OTT Platforms (Eg : Netflix, Amazon Prime vio)",Non-Fiction,,Science
7/25/2021 13:32:24,19,Male,Delhi,Tier 1,Books,"Laptop, Desktop and Tablets",Clothing,"OTT Platforms (Eg : Netflix, Amazon Prime vio)",Non-Fiction,,Self Help
7/25/2021 13:32:30,19,Male,Delhi,Tier 1,Fashion,"Laptop, Desktop and Tablets",Footwears,"OTT Platforms (Eg : Netflix, Amazon Prime vio)",Non-Fiction,,Autobiography & Biography
7/25/2021 13:35:35,19,Male,Haryana,Tier 2,Fashion,Mobile Phones and accessories,Footwears,"E-commerce Platforms (Eg : Flipkart Plus, Amazon Prime)",Non-Fiction,,Science
7/25/2021 13:44:06,19,Male,Delhi,Tier 1,Electronics,Mobile Phones and accessories,Clothing,"OTT Platforms (Eg : Netflix, Amazon Prime vio)",Non-Fiction,,Business and economics
7/25/2021 13:49:43,19,Male,Delhi,Tier 1,Fashion,"Laptop, Desktop and Tablets","Beauty and personal care (Perfumes, grooming products and makeup etc)","Food Delivery Platforms (Eg : Zomato Pro, Swiggy Super)",Fiction,Action and adventure,
7/25/2021 13:53:11,19,Male,Jharkhand,Tier 3,Electronics,Mobile Phones and accessories,Clothing,"OTT Platforms (Eg : Netflix, Amazon Prime vio)",Non-Fiction,,Self Help
7/25/2021 13:53:48,22,Female,Haryana,Tier 3,Books,"Laptop, Desktop and Tablets",Clothing,"OTT Platforms (Eg : Netflix, Amazon Prime vio)",Fiction,"Crime, horror and drama",
7/25/2021 13:55:59,19,Male,Delhi,Tier 2,Electronics,"Earphone, Headphone or Speakers",Footwears,"Audio Streaming Platforms (Eg : Spotify Premium, Gaana Plus)",Non-Fiction,,Business and economics
7/25/2021 13:57:40,25,Female,Masharastra,Tier 3,Books,"Laptop, Desktop and Tablets",Jewellery,"Audio Streaming Platforms (Eg : Spotify Premium, Gaana Plus)",Non-Fiction,,Business and economics
7/25/2021 13:57:58,Nirmala,Female,Haryana,Tier 3,Fashion,Mobile Phones and accessories,Footwears,"OTT Platforms (Eg : Netflix, Amazon Prime vio)",Non-Fiction,,Health and fitness
7/25/2021 13:58:28,21,Male,Tamil Nadu,Tier 2,Books,Mobile Phones and accessories,Clothing,"Audio Streaming Platforms (Eg : Spotify Premium, Gaana Plus)",Non-Fiction,,Science
7/25/2021 13:59:00,20,Male,Nagaland,Tier 3,Fashion,Mobile Phones and accessories,Footwears,"Audio Streaming Platforms (Eg : Spotify Premium, Gaana Plus)",Fiction,Action and adventure,
7/25/2021 13:59:39,21,Male,Haryana,Tier 2,Electronics,Mobile Phones and accessories,Footwears,"OTT Platforms (Eg : Netflix, Amazon Prime vio)",Fiction,Suspense and thriller,
7/25/2021 14:00:14,21,Female,Haryana,Tier 1,Fashion,Mobile Phones and accessories,Clothing,"OTT Platforms (Eg : Netflix, Amazon Prime vio)",Fiction,Thriller and Romance,
7/25/2021 14:01:10,23,Male,Haryana,Tier 3,Books,"Laptop, Desktop and Tablets",Footwears,"OTT Platforms (Eg : Netflix, Amazon Prime vio)",Non-Fiction,,Science
7/25/2021 14:05:20,19,Female,Himachal Pradesh,Tier 3,Electronics,Mobile Phones and accessories,Clothing,"OTT Platforms (Eg : Netflix, Amazon Prime vio)",Fiction,Action and adventure,
7/25/2021 14:11:54,18,Female,Uttar Pradesh,Tier 2,Books,"Laptop, Desktop and Tablets",Clothing,"E-commerce Platforms (Eg : Flipkart Plus, Amazon Prime)",Non-Fiction,,Health and fitness
7/25/2021 14:13:14,21,Female,Tamil Nadu,Tier 3,Books,Mobile Phones and accessories,Watches & Wallets,"Audio Streaming Platforms (Eg : Spotify Premium, Gaana Plus)",Fiction,Science Fiction,
7/25/2021 14:15:35,19,Male,Uttar Pradesh,Tier 2,Electronics,"Laptop, Desktop and Tablets",Footwears,"E-commerce Platforms (Eg : Flipkart Plus, Amazon Prime)",Non-Fiction,,Business and economics
7/25/2021 14:17:02,23,Male,Haryana,Tier 3,Electronics,Mobile Phones and accessories,Clothing,"Food Delivery Platforms (Eg : Zomato Pro, Swiggy Super)",Fiction,Action and adventure,
7/25/2021 14:17:33,22,Male,Masharastra,Tier 2,Fashion,Mobile Phones and accessories,Clothing,"OTT Platforms (Eg : Netflix, Amazon Prime vio)",Fiction,Suspense and thriller,
7/25/2021 14:20:04,25,Female,Masharastra,Tier 1,"Subscriptions (Eg : OTT Platforms, Audio Streaming Platforms)",Mobile Phones and accessories,"Beauty and personal care (Perfumes, grooming products and makeup etc)","OTT Platforms (Eg : Netflix, Amazon Prime vio)",Fiction,Thriller and Romance,
7/25/2021 14:21:48,37,Female,Haryana,Tier 3,Fashion,Mobile Phones and accessories,Jewellery,"E-commerce Platforms (Eg : Flipkart Plus, Amazon Prime)",Non-Fiction,,Health and fitness
7/25/2021 14:24:08,44,Female,Haryana,Tier 3,Fashion,Mobile Phones and accessories,Footwears,"OTT Platforms (Eg : Netflix, Amazon Prime vio)",Fiction,Thriller and Romance,
7/25/2021 14:24:33,40,Male,Haryana,Tier 3,Electronics,Mobile Phones and accessories,Clothing,"E-commerce Platforms (Eg : Flipkart Plus, Amazon Prime)",Fiction,Science Fiction,
7/25/2021 14:29:14,19,Male,Rajasthan,Tier 2,Books,"Laptop, Desktop and Tablets",Clothing,"OTT Platforms (Eg : Netflix, Amazon Prime vio)",Fiction,Thriller and Romance,
7/25/2021 14:30:24,24,Male,Tamil Nadu,Tier 1,Electronics,SmartWatches,Watches & Wallets,"E-commerce Platforms (Eg : Flipkart Plus, Amazon Prime)",Fiction,Science Fiction,
7/25/2021 14:31:13,25,Male,Haryana,Tier 3,"Subscriptions (Eg : OTT Platforms, Audio Streaming Platforms)",Mobile Phones and accessories,Clothing,"OTT Platforms (Eg : Netflix, Amazon Prime vio)",Fiction,Science Fiction,
7/25/2021 14:32:30,19,Male,Delhi,Tier 1,Fashion,"Laptop, Desktop and Tablets",Clothing,"OTT Platforms (Eg : Netflix, Amazon Prime vio)",Non-Fiction,,Business and economics
7/25/2021 14:39:31,18,Male,Punjab,Tier 1,Electronics,Mobile Phones and accessories,Footwears,"Food Delivery Platforms (Eg : Zomato Pro, Swiggy Super)",Fiction,Action and adventure,
7/25/2021 14:43:35,20,Male,Delhi,Tier 1,Electronics,"Laptop, Desktop and Tablets",Footwears,"OTT Platforms (Eg : Netflix, Amazon Prime vio)",Fiction,Science Fiction,
7/25/2021 14:43:57,25,Female,Haryana,Tier 3,Books,"Earphone, Headphone or Speakers",Watches & Wallets,"E-commerce Platforms (Eg : Flipkart Plus, Amazon Prime)",Non-Fiction,,Science
7/25/2021 14:45:27,19,Male,Himachal Pradesh,Tier 3,Books,"Laptop, Desktop and Tablets",Watches & Wallets,"E-commerce Platforms (Eg : Flipkart Plus, Amazon Prime)",Non-Fiction,,Business and economics
7/25/2021 14:46:38,20,Male,Bihar,Tier 3,"Subscriptions (Eg : OTT Platforms, Audio Streaming Platforms)","Laptop, Desktop and Tablets",Clothing,"OTT Platforms (Eg : Netflix, Amazon Prime vio)",Non-Fiction,,Autobiography & Biography
7/25/2021 14:46:42,22,Male,Haryana,Tier 1,"Subscriptions (Eg : OTT Platforms, Audio Streaming Platforms)",Mobile Phones and accessories,Clothing,"OTT Platforms (Eg : Netflix, Amazon Prime vio)",Fiction,"Crime, horror and drama",
7/25/2021 14:49:07,25,Female,Haryana,Tier 2,Fashion,"Earphone, Headphone or Speakers",Clothing,"OTT Platforms (Eg : Netflix, Amazon Prime vio)",Fiction,Suspense and thriller,
7/25/2021 14:55:22,23,Male,Kerala,Tier 2,"Subscriptions (Eg : OTT Platforms, Audio Streaming Platforms)","Earphone, Headphone or Speakers",Clothing,"OTT Platforms (Eg : Netflix, Amazon Prime vio)",Non-Fiction,,Business and economics
7/25/2021 14:58:39,19,Male,Haryana,Tier 3,Electronics,Mobile Phones and accessories,Clothing,"OTT Platforms (Eg : Netflix, Amazon Prime vio)",Non-Fiction,,Health and fitness
7/25/2021 14:58:55,22,Female,Tamil Nadu,Tier 2,Electronics,"Earphone, Headphone or Speakers",Watches & Wallets,"OTT Platforms (Eg : Netflix, Amazon Prime vio)",Fiction,Suspense and thriller,
7/25/2021 15:01:06,19,Male,Haryana,Tier 2,Electronics,SmartWatches,Watches & Wallets,"OTT Platforms (Eg : Netflix, Amazon Prime vio)",Fiction,Suspense and thriller,
7/25/2021 15:09:42,19,Female,Delhi,Tier 1,Electronics,"Laptop, Desktop and Tablets",Clothing,"OTT Platforms (Eg : Netflix, Amazon Prime vio)",Fiction,Suspense and thriller,
7/25/2021 15:16:20,19,Male,Delhi,Tier 1,Electronics,"Laptop, Desktop and Tablets",Watches & Wallets,"OTT Platforms (Eg : Netflix, Amazon Prime vio)",Fiction,Suspense and thriller,
7/25/2021 15:20:54,19,Male,Delhi,Tier 1,Fashion,"Earphone, Headphone or Speakers",Footwears,"OTT Platforms (Eg : Netflix, Amazon Prime vio)",Fiction,Suspense and thriller,
7/25/2021 15:39:35,19,Male,Rajasthan,Tier 3,Electronics,"Laptop, Desktop and Tablets",Footwears,"OTT Platforms (Eg : Netflix, Amazon Prime vio)",Non-Fiction,,Business and economics
7/25/2021 15:40:19,24,Female,Haryana,Tier 3,Books,Mobile Phones and accessories,Clothing,"OTT Platforms (Eg : Netflix, Amazon Prime vio)",Non-Fiction,,Autobiography & Biography
7/25/2021 15:45:18,20,Male,Assam,Tier 2,Books,Mobile Phones and accessories,Watches & Wallets,"Food Delivery Platforms (Eg : Zomato Pro, Swiggy Super)",Non-Fiction,,Business and economics
7/25/2021 15:49:09,19,Male,Delhi,Tier 1,Electronics,"Earphone, Headphone or Speakers",Clothing,"OTT Platforms (Eg : Netflix, Amazon Prime vio)",Fiction,"Crime, horror and drama",
7/25/2021 15:52:26,24,Male,Gujarat,Tier 2,Books,Mobile Phones and accessories,Watches & Wallets,"E-commerce Platforms (Eg : Flipkart Plus, Amazon Prime)",Fiction,Suspense and thriller,
7/25/2021 15:54:04,21,Male,Masharastra,Tier 3,Electronics,"Laptop, Desktop and Tablets","Beauty and personal care (Perfumes, grooming products and makeup etc)","Audio Streaming Platforms (Eg : Spotify Premium, Gaana Plus)",Fiction,Science Fiction,
7/25/2021 16:02:29,Ankita Tiwary,Female,Haryana,Tier 1,Fashion,Mobile Phones and accessories,Clothing,"OTT Platforms (Eg : Netflix, Amazon Prime vio)",Fiction,Suspense and thriller,
7/25/2021 16:18:21,19,Female,Delhi,Tier 1,Fashion,Mobile Phones and accessories,Clothing,"OTT Platforms (Eg : Netflix, Amazon Prime vio)",Non-Fiction,,Self Help
7/25/2021 16:20:42,24,Female,Kerala,Tier 2,Fashion,Mobile Phones and accessories,Clothing,"Food Delivery Platforms (Eg : Zomato Pro, Swiggy Super)",Fiction,Science Fiction,
7/25/2021 16:26:56,19,Female,Delhi,Tier 1,Electronics,"Laptop, Desktop and Tablets",Clothing,"OTT Platforms (Eg : Netflix, Amazon Prime vio)",Non-Fiction,,Business and economics
7/25/2021 17:26:36,21,Male,Delhi,Tier 1,Electronics,"Laptop, Desktop and Tablets",Footwears,"E-commerce Platforms (Eg : Flipkart Plus, Amazon Prime)",Non-Fiction,,Business and economics
7/25/2021 17:30:35,24,Male,West Bengal,Tier 3,"Subscriptions (Eg : OTT Platforms, Audio Streaming Platforms)",Mobile Phones and accessories,Clothing,"OTT Platforms (Eg : Netflix, Amazon Prime vio)",Fiction,Science Fiction,
7/25/2021 17:31:33,18,Male,Delhi,Tier 1,Electronics,"Laptop, Desktop and Tablets",Footwears,"OTT Platforms (Eg : Netflix, Amazon Prime vio)",Fiction,Thriller and Romance,
7/25/2021 19:14:40,23,Male,Haryana,Tier 3,Electronics,Mobile Phones and accessories,Clothing,"Food Delivery Platforms (Eg : Zomato Pro, Swiggy Super)",Fiction,Action and adventure,
7/25/2021 19:42:37,21,Male,Haryana,Tier 2,Electronics,Mobile Phones and accessories,Clothing,"OTT Platforms (Eg : Netflix, Amazon Prime vio)",Fiction,Action and adventure,
7/25/2021 19:56:32,36,Female,Haryana,Tier 3,"Subscriptions (Eg : OTT Platforms, Audio Streaming Platforms)","Laptop, Desktop and Tablets","Beauty and personal care (Perfumes, grooming products and makeup etc)","Food Delivery Platforms (Eg : Zomato Pro, Swiggy Super)",Non-Fiction,,Science
7/25/2021 20:14:36,18,Male,Haryana,Tier 3,Fashion,"Earphone, Headphone or Speakers",Watches & Wallets,"Audio Streaming Platforms (Eg : Spotify Premium, Gaana Plus)",Non-Fiction,,Self Help
7/25/2021 20:16:25,18,Male,Haryana,Tier 3,Electronics,"Laptop, Desktop and Tablets",Watches & Wallets,"OTT Platforms (Eg : Netflix, Amazon Prime vio)",Non-Fiction,,Autobiography & Biography
7/25/2021 20:23:29,18,Male,Haryana,Tier 3,Fashion,"Laptop, Desktop and Tablets",Clothing,"E-commerce Platforms (Eg : Flipkart Plus, Amazon Prime)",Non-Fiction,,Autobiography & Biography
7/25/2021 20:23:54,24,Male,Haryana,Tier 1,Fashion,"Laptop, Desktop and Tablets","Beauty and personal care (Perfumes, grooming products and makeup etc)","E-commerce Platforms (Eg : Flipkart Plus, Amazon Prime)",Fiction,Science Fiction,
7/25/2021 20:25:51,20,Male,Rajasthan,Tier 3,Electronics,Mobile Phones and accessories,Clothing,"OTT Platforms (Eg : Netflix, Amazon Prime vio)",Fiction,Science Fiction,
7/25/2021 20:32:39,20,Male,Haryana,Tier 3,Electronics,"Earphone, Headphone or Speakers",Footwears,"OTT Platforms (Eg : Netflix, Amazon Prime vio)",Fiction,Science Fiction,
7/25/2021 20:43:56,20,Female,Uttar Pradesh,Tier 2,Fashion,Mobile Phones and accessories,Clothing,"Food Delivery Platforms (Eg : Zomato Pro, Swiggy Super)",Non-Fiction,,Self Help
7/25/2021 21:10:46,20,Male,Haryana,Tier 3,Electronics,Mobile Phones and accessories,Watches & Wallets,"OTT Platforms (Eg : Netflix, Amazon Prime vio)",Fiction,Science Fiction,
7/25/2021 21:29:25,18,Male,Haryana,Tier 3,Electronics,Mobile Phones and accessories,Jewellery,"Audio Streaming Platforms (Eg : Spotify Premium, Gaana Plus)",Fiction,Science Fiction,
7/25/2021 21:33:09,22,Male,Haryana,Tier 2,Electronics,Mobile Phones and accessories,Clothing,"Food Delivery Platforms (Eg : Zomato Pro, Swiggy Super)",Fiction,Action and adventure,
7/25/2021 21:34:16,19,Male,Haryana,Tier 3,Books,SmartWatches,Clothing,"OTT Platforms (Eg : Netflix, Amazon Prime vio)",Fiction,Thriller and Romance,
7/25/2021 21:37:32,18,Male,Haryana,Tier 3,Books,SmartWatches,Watches & Wallets,"Food Delivery Platforms (Eg : Zomato Pro, Swiggy Super)",Fiction,Science Fiction,
7/25/2021 21:37:54,19,Female,Jharkhand,Tier 2,Electronics,"Laptop, Desktop and Tablets",Watches & Wallets,"E-commerce Platforms (Eg : Flipkart Plus, Amazon Prime)",Fiction,Suspense and thriller,
7/25/2021 23:16:30,22,Female,Haryana,Tier 3,Books,"Laptop, Desktop and Tablets",Footwears,"OTT Platforms (Eg : Netflix, Amazon Prime vio)",Non-Fiction,,Autobiography & Biography
7/26/2021 8:26:08,23,Male,Delhi,Tier 1,Books,Mobile Phones and accessories,Clothing,"OTT Platforms (Eg : Netflix, Amazon Prime vio)",Fiction,"Crime, horror and drama",
7/26/2021 9:42:52,22,Male,Haryana,Tier 3,Electronics,Mobile Phones and accessories,"Beauty and personal care (Perfumes, grooming products and makeup etc)","OTT Platforms (Eg : Netflix, Amazon Prime vio)",Fiction,Science Fiction,
7/26/2021 10:46:58,18,Female,Delhi,Tier 1,"Subscriptions (Eg : OTT Platforms, Audio Streaming Platforms)",Mobile Phones and accessories,Clothing,"Food Delivery Platforms (Eg : Zomato Pro, Swiggy Super)",Non-Fiction,,Business and economics
7/26/2021 11:14:18,24,Male,Uttarakhand,Tier 2,Electronics,"Laptop, Desktop and Tablets",Footwears,"E-commerce Platforms (Eg : Flipkart Plus, Amazon Prime)",Non-Fiction,,Health and fitness
7/26/2021 11:15:29,19,Male,Delhi,Tier 1,Electronics,"Earphone, Headphone or Speakers",Clothing,"OTT Platforms (Eg : Netflix, Amazon Prime vio)",Non-Fiction,,Business and economics
7/26/2021 11:25:45,14,Male,Delhi,Tier 3,Electronics,"Laptop, Desktop and Tablets",Footwears,"OTT Platforms (Eg : Netflix, Amazon Prime vio)",Non-Fiction,,Science
7/26/2021 11:26:53,59,Male,Delhi,Tier 1,Electronics,Mobile Phones and accessories,Clothing,"OTT Platforms (Eg : Netflix, Amazon Prime vio)",Fiction,Thriller and Romance,
7/26/2021 11:55:51,53,Male,Delhi,Tier 1,Electronics,Mobile Phones and accessories,Footwears,"OTT Platforms (Eg : Netflix, Amazon Prime vio)",Non-Fiction,,Business and economics
7/26/2021 12:20:16,33,Male,Delhi,Tier 1,"Subscriptions (Eg : OTT Platforms, Audio Streaming Platforms)",Mobile Phones and accessories,Clothing,"OTT Platforms (Eg : Netflix, Amazon Prime vio)",Fiction,Suspense and thriller,
7/26/2021 12:28:21,23,Female,Delhi,Tier 1,Books,Mobile Phones and accessories,Clothing,"OTT Platforms (Eg : Netflix, Amazon Prime vio)",Non-Fiction,,Self Help
7/26/2021 12:49:11,35,Male,Masharastra,Tier 1,"Subscriptions (Eg : OTT Platforms, Audio Streaming Platforms)","Laptop, Desktop and Tablets",Clothing,"OTT Platforms (Eg : Netflix, Amazon Prime vio)",Fiction,"Crime, horror and drama",
7/26/2021 12:54:41,51,Female,Delhi,Tier 1,Fashion,Mobile Phones and accessories,Clothing,"E-commerce Platforms (Eg : Flipkart Plus, Amazon Prime)",Non-Fiction,,Health and fitness
7/26/2021 14:27:20,20,Female,Uttarakhand,Tier 3,Books,"Earphone, Headphone or Speakers",Clothing,"Audio Streaming Platforms (Eg : Spotify Premium, Gaana Plus)",Non-Fiction,,Science
7/26/2021 17:00:51,18,Male,Delhi,Tier 1,"Subscriptions (Eg : OTT Platforms, Audio Streaming Platforms)",Mobile Phones and accessories,Footwears,"OTT Platforms (Eg : Netflix, Amazon Prime vio)",Non-Fiction,,Business and economics
7/26/2021 20:55:15,33,Male,Masharastra,Tier 1,Electronics,"Laptop, Desktop and Tablets",Clothing,"OTT Platforms (Eg : Netflix, Amazon Prime vio)",Fiction,Action and adventure,
7/26/2021 21:02:38,44,Female,Rajasthan,Tier 2,Fashion,Mobile Phones and accessories,Jewellery,"E-commerce Platforms (Eg : Flipkart Plus, Amazon Prime)",Non-Fiction,,Health and fitness
7/26/2021 21:08:11,33,Female,Delhi,Tier 3,Fashion,SmartWatches,Clothing,"OTT Platforms (Eg : Netflix, Amazon Prime vio)",Fiction,Thriller and Romance,
7/26/2021 21:41:09,20,Male,Delhi,Tier 3,Fashion,"Earphone, Headphone or Speakers",Clothing,"OTT Platforms (Eg : Netflix, Amazon Prime vio)",Non-Fiction,,Health and fitness
7/27/2021 13:23:12,19,Male,Haryana,Tier 3,Books,"Laptop, Desktop and Tablets",Footwears,"OTT Platforms (Eg : Netflix, Amazon Prime vio)",Non-Fiction,,Autobiography & Biography
7/27/2021 14:02:09,19,Male,Uttar Pradesh,Tier 1,Electronics,"Earphone, Headphone or Speakers",Clothing,"OTT Platforms (Eg : Netflix, Amazon Prime vio)",Fiction,Suspense and thriller,
7/27/2021 14:16:28,19,Male,Uttar Pradesh,Tier 2,"Subscriptions (Eg : OTT Platforms, Audio Streaming Platforms)",Mobile Phones and accessories,Footwears,"OTT Platforms (Eg : Netflix, Amazon Prime vio)",Fiction,Thriller and Romance,
7/27/2021 15:24:10,19,Female,Uttar Pradesh,Tier 2,Books,Mobile Phones and accessories,Jewellery,"OTT Platforms (Eg : Netflix, Amazon Prime vio)",Fiction,Suspense and thriller,
7/28/2021 9:26:28,23,Male,Haryana,Tier 3,Electronics,Mobile Phones and accessories,Clothing,"E-commerce Platforms (Eg : Flipkart Plus, Amazon Prime)",Non-Fiction,,Health and fitness
7/28/2021 17:16:44,52,Male,Haryana,Tier 3,Electronics,"Laptop, Desktop and Tablets",Footwears,"OTT Platforms (Eg : Netflix, Amazon Prime vio)",Fiction,Science Fiction,
7/29/2021 2:51:41,19,Female,Delhi,Tier 1,"Subscriptions (Eg : OTT Platforms, Audio Streaming Platforms)","Laptop, Desktop and Tablets",Clothing,"OTT Platforms (Eg : Netflix, Amazon Prime vio)",Fiction,Suspense and thriller,
7/29/2021 7:48:59,18,Male,Uttar Pradesh,Tier 2,Electronics,"Earphone, Headphone or Speakers",Clothing,"Audio Streaming Platforms (Eg : Spotify Premium, Gaana Plus)",Fiction,Suspense and thriller,
7/29/2021 11:47:00,17,Male,Masharastra,Tier 1,Electronics,"Earphone, Headphone or Speakers",Clothing,"OTT Platforms (Eg : Netflix, Amazon Prime vio)",Non-Fiction,,Self Help
7/30/2021 17:51:12,19,Male,Telangana,Tier 1,Electronics,Mobile Phones and accessories,Watches & Wallets,"Audio Streaming Platforms (Eg : Spotify Premium, Gaana Plus)",Non-Fiction,,Business and economics
7/31/2021 15:57:10,19,Male,Delhi,Tier 1,Electronics,Mobile Phones and accessories,Footwears,"OTT Platforms (Eg : Netflix, Amazon Prime vio)",Fiction,Suspense and thriller,
7/31/2021 15:57:58,18,Male,Delhi,Tier 1,Electronics,"Laptop, Desktop and Tablets",Clothing,"OTT Platforms (Eg : Netflix, Amazon Prime vio)",Non-Fiction,,Business and economics
7/31/2021 15:59:08,20,Male,Haryana,Tier 3,Fashion,"Laptop, Desktop and Tablets",Clothing,"OTT Platforms (Eg : Netflix, Amazon Prime vio)",Non-Fiction,,Autobiography & Biography
7/31/2021 16:33:45,18,Female,Uttar Pradesh,Tier 2,"Subscriptions (Eg : OTT Platforms, Audio Streaming Platforms)","Earphone, Headphone or Speakers","Beauty and personal care (Perfumes, grooming products and makeup etc)","Audio Streaming Platforms (Eg : Spotify Premium, Gaana Plus)",Fiction,Thriller and Romance,
7/31/2021 16:38:52,20,Female,Haryana,Tier 3,Electronics,SmartWatches,Footwears,"Audio Streaming Platforms (Eg : Spotify Premium, Gaana Plus)",Non-Fiction,,Health and fitness
7/31/2021 16:41:24,19,Male,Uttar Pradesh,Tier 2,Books,"Earphone, Headphone or Speakers",Jewellery,"E-commerce Platforms (Eg : Flipkart Plus, Amazon Prime)",Fiction,Action and adventure,
7/31/2021 16:45:47,18,Female,Delhi,Tier 1,"Subscriptions (Eg : OTT Platforms, Audio Streaming Platforms)","Laptop, Desktop and Tablets","Beauty and personal care (Perfumes, grooming products and makeup etc)","OTT Platforms (Eg : Netflix, Amazon Prime vio)",Non-Fiction,,Self Help
7/31/2021 16:52:52,21,Male,Bihar,Tier 3,Fashion,"Laptop, Desktop and Tablets",Clothing,"Food Delivery Platforms (Eg : Zomato Pro, Swiggy Super)",Fiction,Suspense and thriller,
7/31/2021 20:40:56,22,Female,Uttar Pradesh,Tier 2,Fashion,"Laptop, Desktop and Tablets",Clothing,"OTT Platforms (Eg : Netflix, Amazon Prime vio)",Fiction,Thriller and Romance,
08-01-2021 22:53,18,Male,Delhi,Tier 1,Electronics,Mobile Phones and accessories,Footwears,"OTT Platforms (Eg : Netflix, Amazon Prime vio)",Fiction,Science Fiction,
08-01-2021 22:56,20,Female,Haryana,Tier 3,"Subscriptions (Eg : OTT Platforms, Audio Streaming Platforms)","Earphone, Headphone or Speakers",Footwears,"Audio Streaming Platforms (Eg : Spotify Premium, Gaana Plus)",Fiction,Suspense and thriller,
08-01-2021 23:00,19,Female,Bihar,Tier 2,Fashion,"Laptop, Desktop and Tablets",Watches & Wallets,"OTT Platforms (Eg : Netflix, Amazon Prime vio)",Fiction,"Crime, horror and drama",
08-01-2021 23:06,20,Female,Masharastra,Tier 1,Books,Mobile Phones and accessories,Jewellery,"E-commerce Platforms (Eg : Flipkart Plus, Amazon Prime)",Non-Fiction,,Business and economics
08-01-2021 23:08,21,Female,Uttar Pradesh,Tier 2,Electronics,"Laptop, Desktop and Tablets",Clothing,"OTT Platforms (Eg : Netflix, Amazon Prime vio)",Non-Fiction,,Business and economics
08-01-2021 23:13,19,Male,Masharastra,Tier 2,Fashion,Mobile Phones and accessories,Footwears,"OTT Platforms (Eg : Netflix, Amazon Prime vio)",Non-Fiction,,Business and economics
08-01-2021 23:16,20,Male,Delhi,Tier 1,Electronics,Mobile Phones and accessories,Clothing,"OTT Platforms (Eg : Netflix, Amazon Prime vio)",Fiction,"Crime, horror and drama",
08-01-2021 23:18,19,Female,Delhi,Tier 1,Fashion,"Laptop, Desktop and Tablets",Clothing,"OTT Platforms (Eg : Netflix, Amazon Prime vio)",Fiction,Suspense and thriller,
08-01-2021 23:24,19,Female,Uttar Pradesh,Tier 2,"Subscriptions (Eg : OTT Platforms, Audio Streaming Platforms)","Earphone, Headphone or Speakers",Footwears,"OTT Platforms (Eg : Netflix, Amazon Prime vio)",Fiction,Action and adventure,
08-01-2021 23:32,19,Male,Uttar Pradesh,Tier 2,Fashion,"Earphone, Headphone or Speakers",Watches & Wallets,"Audio Streaming Platforms (Eg : Spotify Premium, Gaana Plus)",Non-Fiction,,Science
08-01-2021 23:44,18,Male,Delhi,Tier 1,Electronics,Mobile Phones and accessories,Footwears,"OTT Platforms (Eg : Netflix, Amazon Prime vio)",Fiction,Thriller and Romance,
08-01-2021 23:47,18,Male,Uttar Pradesh,Tier 2,Books,Mobile Phones and accessories,Footwears,"OTT Platforms (Eg : Netflix, Amazon Prime vio)",Fiction,Suspense and thriller,
08-01-2021 23:49,18,Female,Haryana,Tier 3,Books,"Laptop, Desktop and Tablets",Jewellery,"Audio Streaming Platforms (Eg : Spotify Premium, Gaana Plus)",Fiction,"Crime, horror and drama",
08-01-2021 23:52,18,Female,Delhi,Tier 1,Books,"Laptop, Desktop and Tablets",Watches & Wallets,"OTT Platforms (Eg : Netflix, Amazon Prime vio)",Fiction,Action and adventure,
08-02-2021 23:58,19,Male,Delhi,Tier 1,Books,"Earphone, Headphone or Speakers",Footwears,"OTT Platforms (Eg : Netflix, Amazon Prime vio)",Non-Fiction,,Autobiography & Biography
08-03-2021 00:00,20,Female,Delhi,Tier 1,Fashion,"Laptop, Desktop and Tablets","Beauty and personal care (Perfumes, grooming products and makeup etc)","E-commerce Platforms (Eg : Flipkart Plus, Amazon Prime)",Non-Fiction,,Business and economics
08-03-2021 00:03,20,Female,Delhi,Tier 1,Electronics,Mobile Phones and accessories,Clothing,"OTT Platforms (Eg : Netflix, Amazon Prime vio)",Fiction,Suspense and thriller,
08-03-2021 00:06,20,Female,Delhi,Tier 1,Fashion,"Laptop, Desktop and Tablets",Jewellery,"OTT Platforms (Eg : Netflix, Amazon Prime vio)",Non-Fiction,,Business and economics
08-03-2021 00:09,20,Female,Delhi,Tier 1,Fashion,Mobile Phones and accessories,Clothing,"OTT Platforms (Eg : Netflix, Amazon Prime vio)",Non-Fiction,,Science
08-03-2021 00:11,20,Female,Delhi,Tier 1,Books,Mobile Phones and accessories,Clothing,"OTT Platforms (Eg : Netflix, Amazon Prime vio)",Non-Fiction,,Autobiography & Biography
08-03-2021 00:18,20,Female,Haryana,Tier 2,Books,"Earphone, Headphone or Speakers",Clothing,"OTT Platforms (Eg : Netflix, Amazon Prime vio)",Non-Fiction,,Health and fitness
08-03-2021 00:21,20,Male,Haryana,Tier 2,Fashion,"Laptop, Desktop and Tablets",Footwears,"OTT Platforms (Eg : Netflix, Amazon Prime vio)",Fiction,Science Fiction,
08-03-2021 00:24,20,Male,Haryana,Tier 2,Electronics,"Laptop, Desktop and Tablets",Footwears,"E-commerce Platforms (Eg : Flipkart Plus, Amazon Prime)",Fiction,Suspense and thriller,
08-03-2021 00:26,20,Male,Haryana,Tier 2,Electronics,Mobile Phones and accessories,Clothing,"OTT Platforms (Eg : Netflix, Amazon Prime vio)",Fiction,"Crime, horror and drama",
08-03-2021 00:28,20,Male,Haryana,Tier 2,"Subscriptions (Eg : OTT Platforms, Audio Streaming Platforms)",Mobile Phones and accessories,Clothing,"Food Delivery Platforms (Eg : Zomato Pro, Swiggy Super)",Non-Fiction,,Business and economics
08-03-2021 00:30,19,Male,Delhi,Tier 1,Fashion,"Laptop, Desktop and Tablets",Footwears,"E-commerce Platforms (Eg : Flipkart Plus, Amazon Prime)",Fiction,Suspense and thriller,
08-03-2021 00:30,19,Female,Haryana,Tier 3,Electronics,"Laptop, Desktop and Tablets",Watches & Wallets,"E-commerce Platforms (Eg : Flipkart Plus, Amazon Prime)",Fiction,Suspense and thriller,
08-03-2021 00:31,19,Female,Haryana,Tier 3,Fashion,"Laptop, Desktop and Tablets",Clothing,"OTT Platforms (Eg : Netflix, Amazon Prime vio)",Non-Fiction,,Business and economics
08-03-2021 00:32,19,Female,Haryana,Tier 3,Fashion,"Earphone, Headphone or Speakers",Watches & Wallets,"Audio Streaming Platforms (Eg : Spotify Premium, Gaana Plus)",Fiction,Thriller and Romance,
08-03-2021 00:32,19,Male,Uttar Pradesh,Tier 2,Electronics,Mobile Phones and accessories,Footwears,"OTT Platforms (Eg : Netflix, Amazon Prime vio)",Fiction,"Crime, horror and drama",
08-03-2021 00:33,19,Male,Delhi,Tier 1,Books,"Laptop, Desktop and Tablets",Footwears,"OTT Platforms (Eg : Netflix, Amazon Prime vio)",Fiction,Suspense and thriller,
08-03-2021 00:33,18,Male,Haryana,Tier 3,Electronics,Mobile Phones and accessories,Footwears,"OTT Platforms (Eg : Netflix, Amazon Prime vio)",Non-Fiction,,Business and economics
08-03-2021 00:34,21,Male,Delhi,Tier 1,Books,"Laptop, Desktop and Tablets",Watches & Wallets,"OTT Platforms (Eg : Netflix, Amazon Prime vio)",Non-Fiction,,Self Help
08-03-2021 00:35,18,Male,Uttar Pradesh,Tier 2,Electronics,"Earphone, Headphone or Speakers",Footwears,"Food Delivery Platforms (Eg : Zomato Pro, Swiggy Super)",Non-Fiction,,Autobiography & Biography
08-03-2021 00:35,18,Female,Delhi,Tier 1,Electronics,Mobile Phones and accessories,Footwears,"OTT Platforms (Eg : Netflix, Amazon Prime vio)",Non-Fiction,,Health and fitness
08-03-2021 00:36,18,Male,Haryana,Tier 2,Electronics,Mobile Phones and accessories,Clothing,"E-commerce Platforms (Eg : Flipkart Plus, Amazon Prime)",Fiction,Suspense and thriller,
08-03-2021 00:37,18,Male,Delhi,Tier 1,Fashion,"Laptop, Desktop and Tablets",Footwears,"OTT Platforms (Eg : Netflix, Amazon Prime vio)",Fiction,Science Fiction,
08-03-2021 00:37,18,Male,Delhi,Tier 1,Electronics,Mobile Phones and accessories,Clothing,"OTT Platforms (Eg : Netflix, Amazon Prime vio)",Fiction,Suspense and thriller,
08-03-2021 00:37,18,Male,Delhi,Tier 1,Electronics,Mobile Phones and accessories,Clothing,"OTT Platforms (Eg : Netflix, Amazon Prime vio)",Non-Fiction,,Health and fitness
08-03-2021 00:38,18,Male,Delhi,Tier 1,Electronics,"Laptop, Desktop and Tablets",Footwears,"OTT Platforms (Eg : Netflix, Amazon Prime vio)",Non-Fiction,,Business and economics
08-03-2021 00:38,18,Male,Delhi,Tier 1,Fashion,"Laptop, Desktop and Tablets",Clothing,"OTT Platforms (Eg : Netflix, Amazon Prime vio)",Non-Fiction,,Autobiography & Biography
08-03-2021 00:39,18,Female,Haryana,Tier 3,Books,"Earphone, Headphone or Speakers",Clothing,"OTT Platforms (Eg : Netflix, Amazon Prime vio)",Non-Fiction,,Business and economics
08-03-2021 00:40,21,Female,Delhi,Tier 1,Electronics,"Laptop, Desktop and Tablets",Clothing,"OTT Platforms (Eg : Netflix, Amazon Prime vio)",Fiction,Suspense and thriller,
08-03-2021 00:41,19,Female,Haryana,Tier 3,Electronics,"Laptop, Desktop and Tablets",Clothing,"OTT Platforms (Eg : Netflix, Amazon Prime vio)",Non-Fiction,,Business and economics
